<?xml version="1.0" encoding="UTF-8"?>
<!DOCTYPE suite SYSTEM "http://testng.org/testng-1.0.dtd">
<suite name="All Test Suite">
    <test verbose="2" preserve-order="true" name="C:/Users/Ashish.Eerapuram/IdeaProjects/RestAssuredAPITesting/pom.xml">
        <parameter name="name" value="Ashish"/>
        <parameter name="job" value="software"/>

        <parameter name="email" value="eve.holt@reqres.in"/>
        <parameter name="password" value="cityslicka"/>

        <parameter name="ename" value="eve.holt@reqres.in"/>
        <parameter name="salary" value="122"/>
        <parameter name="age" value="25"/>

        <parameter name="ID" value="11"/>
        <parameter name="petId" value="100"/>
        <parameter name="quantity" value="5"/>
        <parameter name="shipDate" value="2022-11-08T06:10:21.742+0000"/>
        <parameter name="status" value="placed"/>
        <parameter name="complete" value="true"/>

        <classes>
            <class name="demo_post.TC001_DemoCreate"></class>
            <class name="demo_post.TC002_LoginSuccess"></class>
            <class name="demo_post.TC003_CreateNewRecord"></class>
            <class name="demo_post.TC005_PlacingOrder"></class>

        </classes>
    </test>
</suite>